EmployeeID,LastName,FirstName,HireDate,Salary,FullName
9278eb42-63b3-4f66-a924-9b6f619ac1b6,Plemons,Myrtle,12/7/2019,189000,Plemons; Myrtle
6dd35db1-d466-4c85-b11c-bfeb3ecb204e,Faris,Tracy,1/15/2020,121000,Faris; Tracy
e2ce7dde-277d-4775-a679-b43d8f9d59c7,Pocius,William,2/2/2020,150000,Pocius; William
7df1ed32-5108-49f4-ae90-e741ac4c508e,Mathis,Melanie,4/12/2020,163000,Mathis; Melanie
8a2d9dbd-206d-4b53-a155-49011cc7b619,Mckeown,Rhonda,11/21/2019,69000,Mckeown; Rhonda
8bfa415d-a333-4af6-bfad-daa47c016b0c,Britt,Myriam,12/16/2019,176000,Britt; Myriam
8e762d36-f679-41ba-b769-b9613df3d61c,Spera,David,1/8/2020,55000,Spera; David
2fe7bf0a-85c9-4d80-bc7f-8d27435ef034,Parks,John,1/6/2020,83000,Parks; John
cca9ede9-4619-4083-9daa-a18d49b09d74,Parker,Alexandra,1/10/2020,195000,Parker; Alexandra
f1343dc5-66d3-470f-bce7-adbe2651e599,Roth,Eddie,3/7/2020,151000,Roth; Eddie
6619712c-4625-491b-bc79-7abcb1b5a502,Vandermeer,Ramon,2/25/2020,168000,Vandermeer; Ramon
fd10d148-01a2-4cae-a107-ed61865d32c8,Jones,Shannon,3/30/2020,96000,Jones; Shannon
fe1373df-b2f9-4c86-921e-0730c5bc8e65,Elias,Jo,3/11/2020,102000,Elias; Jo
2e169a26-01d5-425f-b42b-c3d3ff3a12aa,Mcfarlin,Kathy,3/2/2020,197000,Mcfarlin; Kathy
34f2e33d-2322-4593-9568-65541ea5c429,Lindsley,Steven,11/17/2019,189000,Lindsley; Steven
153dc763-86f5-48d2-bdd5-f38f07531061,Burkett,Ray,11/22/2019,151000,Burkett; Ray
a620fce9-3589-419c-a872-f02dff30271e,Gould,Adelaide,3/18/2020,153000,Gould; Adelaide
e0dbd404-1010-4711-9cd2-52729cdfae11,Walker,Dolores,3/1/2020,116000,Walker; Dolores
fc57cfb8-7b46-480a-a4cd-68fa98b634f7,Parker,Dustin,4/1/2020,91000,Parker; Dustin
eab6dde3-c4e1-41ae-a93b-2dfe3f438145,Ortiz,Matthew,4/1/2020,139000,Ortiz; Matthew
977acee3-4c3c-4372-90c2-fdd349d88325,Howard,Hassan,3/30/2020,147000,Howard; Hassan
05a84db4-81e1-4159-a6d4-9979331f1fa4,Jones,Elizabeth,3/14/2020,192000,Jones; Elizabeth
f63f7df4-0590-4696-8d24-fb6a47866e2c,Montgomery,Diane,12/22/2019,144000,Montgomery; Diane
7004bc7d-5fc9-4bbd-b797-164ed05058e8,Oliver,Justin,3/17/2020,93000,Oliver; Justin
df58c96d-acfe-481a-8c1f-56bfdb1c77c3,Trusty,Monique,12/24/2019,174000,Trusty; Monique
ffb1ee71-4ec2-40dc-891e-2513a317bca9,Waddell,Jeffery,11/29/2019,94000,Waddell; Jeffery
47f97b11-7941-4c80-8732-428cc473fdf7,Patrick,Thomas,12/6/2019,184000,Patrick; Thomas
45cee313-ec2b-4ae5-88ec-e3fdb78e6b05,Hampton,Sean,12/14/2019,77000,Hampton; Sean
18a75fce-b5c8-4497-890d-fd0d35f8c2fa,Paxton,John,12/25/2019,64000,Paxton; John
bc4f92ba-3b9a-49cc-b097-391e2cbfaf56,Jones,Augusta,2/11/2020,145000,Jones; Augusta
1a38abdc-10c9-478a-8e87-943c79417333,Nevels,Frank,3/20/2020,183000,Nevels; Frank
33258c39-dabe-44be-862d-ce8cd0495644,Mccay,Ruby,11/23/2019,50000,Mccay; Ruby
648694f5-e36e-4ab5-942c-63ce88686b8b,Gamba,Karen,12/28/2019,182000,Gamba; Karen
2e05aa57-6c1e-4e1f-9222-9c18e5be5012,Butler,Julia,3/23/2020,100000,Butler; Julia
f4ad6a60-9afb-42ff-a350-2e1c9fe00c3d,Lowe,Carl,1/7/2020,159000,Lowe; Carl
171e7590-b37d-4b8a-b394-40a015d8c9ae,Pruett,Thomas,1/9/2020,182000,Pruett; Thomas
db41fa9c-6220-45c6-ae4f-d674afdcc7c4,Buchholz,Anthony,1/1/2020,169000,Buchholz; Anthony
ece4934e-c3ba-4dd1-bf72-9e00d971e176,Crawford,Matthew,12/3/2019,176000,Crawford; Matthew
d6c79a31-bbef-4b12-b2fb-538ddefda765,Rojas,Nicole,2/26/2020,90000,Rojas; Nicole
d6337239-1167-44ea-a619-d38ff894c6f5,Scott,Andrew,1/9/2020,94000,Scott; Andrew
fd73617b-2606-4b48-8835-a7a917b36245,Balderas,Douglas,2/9/2020,90000,Balderas; Douglas
e3201eb3-7fe8-4e68-9dab-a2d6b1b36806,Dabrowski,Bernice,1/20/2020,160000,Dabrowski; Bernice
c8844a16-7e8b-4b4a-b006-e1d4c788f1e0,Mosely,Richard,11/29/2019,189000,Mosely; Richard
b2d2cd42-e2d5-4f19-a75b-b7562fdc8345,Waibel,Mark,12/22/2019,147000,Waibel; Mark
e87eafb3-6b6b-4769-88ff-6e3fdda4d51b,Schroeder,Brandy,12/25/2019,169000,Schroeder; Brandy
6820d937-e301-400f-8c6b-d07eda0642e0,Ferrell,Virginia,1/13/2020,159000,Ferrell; Virginia
1af8f942-8683-444a-85e1-573b50fb26ac,Bucio,Sandra,2/23/2020,174000,Bucio; Sandra
dc7cb3f9-b405-4716-91e7-695a1ca78e72,Miller,Kevin,1/4/2020,134000,Miller; Kevin
420767c3-c044-4c64-8786-f0e712f27cd4,Dion,Novella,12/13/2019,166000,Dion; Novella
351920d2-c0bd-485e-a554-a8266e621ca2,Morrow,Harold,11/26/2019,170000,Morrow; Harold
bd2d0711-3274-49a0-9576-ce23430846eb,Tanenbaum,Jon,2/12/2020,186000,Tanenbaum; Jon
23e3d8cb-3f59-4957-b856-520cb9a18727,Hewitt,Leslie,2/19/2020,176000,Hewitt; Leslie
4707da44-51b0-4b1d-8aa7-38d21025f0e0,Springer,Callie,12/24/2019,76000,Springer; Callie
a13a27e9-22cd-4bb6-8e45-1d6f0d46e68d,Hammonds,Dean,1/5/2020,141000,Hammonds; Dean
bb19f856-a317-4631-be9b-dfc8994b6e6c,Rapp,Robert,2/21/2020,200000,Rapp; Robert
29389333-b5f4-4c1d-9f97-21c7d503d0a8,Maloney,Linda,2/9/2020,143000,Maloney; Linda
2fd1ddce-0662-4e75-922b-a988cd46e716,Peters,David,1/19/2020,51000,Peters; David
e77f40a3-325c-44cd-a505-c84374c10596,Dunbar,Susan,4/2/2020,119000,Dunbar; Susan
896c6306-dbb5-4264-9b1a-c045b1715861,Galloway,Erma,2/20/2020,100000,Galloway; Erma
701e9681-2c8e-400a-9dd3-fc8109f04ddc,Bailey,Maurice,4/11/2020,198000,Bailey; Maurice
60929c13-a585-45ac-b878-95cf7856b929,Sandmeier,Gloria,3/4/2020,88000,Sandmeier; Gloria
e2831875-abc1-43be-b9f2-f070c0c72fca,Breen,Lorraine,3/28/2020,146000,Breen; Lorraine
f3fd5f18-bc83-41ff-8cf3-a9753d3fe5f8,Mcghee,Timothy,1/9/2020,96000,Mcghee; Timothy
2d2697da-42bc-48df-8e8c-be3fcf245908,Manley,Robert,1/26/2020,88000,Manley; Robert
e41dca86-74e0-45a9-8056-ccc1cbe5a694,Davis,Corrine,2/20/2020,184000,Davis; Corrine
25191dc6-851a-4014-8ca6-4cf6b17e5bbc,Ray,Gina,12/30/2019,115000,Ray; Gina
ea61d398-de77-40ab-9d92-eb6f4030bb28,Smith,Cara,12/14/2019,63000,Smith; Cara
bdd210ed-3bbd-49f9-8143-1d97832767b4,Austin,Gladys,1/21/2020,148000,Austin; Gladys
04061c6a-906c-4bd5-a723-c3f8ac8c74dd,Guerra,Linda,1/14/2020,196000,Guerra; Linda
424a8714-47c0-45c2-a886-7feb43600421,Christen,Tania,11/16/2019,100000,Christen; Tania
2cb8ada0-6f06-40c7-b373-cf1282ed7b52,Underwood,Myles,1/8/2020,180000,Underwood; Myles
41f79363-f3b4-4bf1-b158-b13b72a9cffd,Stassinos,Jason,12/16/2019,133000,Stassinos; Jason
c1b59393-12fb-4c63-97d9-fce057b9171f,Hall,Marion,12/30/2019,89000,Hall; Marion
e9d0c6fd-5530-4de7-8d8e-911af22470ac,Hawkins,Digna,2/7/2020,87000,Hawkins; Digna
95ab83b6-cc2a-4d24-b6ec-d66f9e2c9bd6,Carella,Vincent,4/7/2020,85000,Carella; Vincent
00591c5d-4a19-4d23-9105-5e0df25f8c95,Scaglione,Alton,3/18/2020,193000,Scaglione; Alton
66ec2550-6e95-4997-b939-d7961a3d9a53,Noriega,Rasheeda,2/21/2020,135000,Noriega; Rasheeda
ae3ff773-765d-460c-9d02-407662112d4d,Thompson,Nichole,4/2/2020,72000,Thompson; Nichole
11f3a4c4-fa3b-4112-bda6-02837084e6d1,Amberg,Jasmin,3/19/2020,172000,Amberg; Jasmin
c2ce8817-ee4e-408f-88f5-67af13c85f9b,Aronowitz,Damon,11/26/2019,88000,Aronowitz; Damon
40bacba2-f1f1-4919-a861-a8900f4d066b,Jackson,Gladys,1/27/2020,200000,Jackson; Gladys
6dcaa3ab-6d5d-490c-ad55-5001e00ddea6,Zacarias,Albert,3/24/2020,125000,Zacarias; Albert
dbf019ff-defd-4a6e-badd-e3e7c0e32fcd,Fox,Danny,12/24/2019,139000,Fox; Danny
4f9ddb9f-2768-4124-9641-61c1cfa6f995,Adams,Sherman,1/22/2020,164000,Adams; Sherman
bf20a64a-4f90-4dca-a2c4-892094fe0417,Pruett,Gerald,3/27/2020,199000,Pruett; Gerald
8eef0da3-5045-4ffa-ae66-274cf29cf1a7,Steele,Kenneth,3/27/2020,118000,Steele; Kenneth
e146d80c-834e-49dc-8355-71e3328a32e9,Barth,Imogene,3/27/2020,86000,Barth; Imogene
597bd6d1-b65c-4b0a-aa38-14efcb1eff3d,Unnasch,Janet,1/23/2020,146000,Unnasch; Janet
0c9775c3-ebc7-49ba-89f3-97b8aaeddffa,Byers,Samuel,3/9/2020,156000,Byers; Samuel
16bfe1de-a70e-4f89-8be2-039052afbad8,Fleming,John,1/28/2020,54000,Fleming; John
af75d8a8-7700-45fc-95a2-6902a0faad53,Derosier,Bernadette,11/19/2019,147000,Derosier; Bernadette
4854c5a1-93ea-45f0-93b8-ecc33ae53365,Mccaslin,Matthew,1/9/2020,149000,Mccaslin; Matthew
0422fe19-d9c9-49c9-99e3-607619c0915a,Gardner,Cody,2/27/2020,108000,Gardner; Cody
302e9c5b-49c1-4fe2-b117-41480ee24b06,Dicken,Lisa,2/2/2020,177000,Dicken; Lisa
4bc984f4-f633-41ad-a1fe-6f5419e5b54f,Thatcher,William,12/12/2019,144000,Thatcher; William
9072d0aa-0ebb-49b6-be61-3633652e9fe8,Hernandez,Samuel,3/17/2020,114000,Hernandez; Samuel
488fed90-b6cc-42a4-aca1-83136da6a106,Bienenstock,Juan,12/26/2019,181000,Bienenstock; Juan
ce1abc7f-907d-42a5-b77c-15e82132aa71,Alexander,James,3/27/2020,134000,Alexander; James
ab06fac9-9c38-4c1a-820d-449d1217c8b7,Smith,Mark,12/30/2019,120000,Smith; Mark
ea6f70c9-e535-4bad-995c-cc70834fd376,Whitmer,Scott,11/18/2019,67000,Whitmer; Scott
6cf73fef-f8e1-407c-9b65-6cdcd03a99d7,Patrick,Ruth,1/20/2020,59000,Patrick; Ruth
3d0f64ee-afdd-42d7-ab3e-3b6a6074b5a1,Moyer,Alexandria,3/12/2020,78000,Moyer; Alexandria
da5f1684-c5d4-49f0-a899-f6370da0d4d9,Olivares,Bernice,1/14/2020,77000,Olivares; Bernice
9a6aed7f-756f-4e41-961f-41a76f560362,Armijo,Terrie,3/12/2020,90000,Armijo; Terrie
e0e95e54-2945-43ce-9386-09a06e5e921b,Winfrey,Scott,3/15/2020,75000,Winfrey; Scott
2e33e72f-c263-4e66-b6b7-75df7ed6d6c0,Mares,Marie,3/31/2020,85000,Mares; Marie
50d3a0ef-33a0-4de4-a23c-2427c9485d33,Hoffman,Linda,2/22/2020,64000,Hoffman; Linda
c526a111-6317-488b-99be-595485565c40,Monday,Genevieve,3/28/2020,80000,Monday; Genevieve
43fdb4dc-9056-4042-86da-2b157ef78c7a,Johnson,George,1/3/2020,78000,Johnson; George
cfcb83e4-6890-44cf-895c-be6b2426a163,Taylor,Mark,3/1/2020,72000,Taylor; Mark
bf081b42-a957-4180-bad7-9ffa2179584d,Zeigler,Jean,1/13/2020,79000,Zeigler; Jean
d6962e5c-6066-4110-af7d-57058103d8f9,Greenwood,Pauline,4/6/2020,65000,Greenwood; Pauline
117a36a0-6298-45ec-8f2d-983ceba09698,Brandl,Shawna,1/2/2020,78000,Brandl; Shawna
d8722c01-906e-48d5-b4e8-b3a8bf2487cf,Pham,Adrian,1/27/2020,84000,Pham; Adrian
042cfb0e-0106-4bbc-9064-c106b6b47776,Risser,Norma,3/21/2020,57000,Risser; Norma
f3660f58-4256-47ce-a8dc-699c56533e53,Gutierrez,Maria,1/26/2020,90000,Gutierrez; Maria
b36af241-ad55-410b-8e7f-b2575df9e22a,Causey,Franklin,12/25/2019,77000,Causey; Franklin
21d4ebcb-2b14-476a-9ec4-add0d1fe956d,Hamilton,Scarlet,2/25/2020,87000,Hamilton; Scarlet
0623b341-ede8-4200-8799-c1a459c4fd80,Dennard,Glenn,1/7/2020,64000,Dennard; Glenn
122a7b10-8267-400f-88ca-941f678e8c9f,Isenberg,Robert,2/18/2020,67000,Isenberg; Robert
37e373de-216c-4d7a-b916-65ef2d7243e3,Cox,Michael,2/25/2020,59000,Cox; Michael
9c6deaa4-b612-4cc6-ac2e-c89ef7cdc417,Polk,Mark,1/14/2020,51000,Polk; Mark
e461cb7a-38d7-47f9-aac4-901b6d1205ac,Hand,Daniel,2/21/2020,59000,Hand; Daniel
f3abe85b-ef09-4333-87b4-3f2bef46d5ae,Campbell,Betsy,1/1/2020,80000,Campbell; Betsy
dcb8c307-4a74-4b52-87f1-7263f0eb1ea0,Buchanan,Nicholas,1/22/2020,63000,Buchanan; Nicholas
462c151d-0ec5-435b-9c61-c54241e775e1,Cornelius,Andy,12/18/2019,84000,Cornelius; Andy
fcf1c8c5-c462-47bb-8768-3fa8d294d25b,Lee,Robert,12/3/2019,93000,Lee; Robert
324581fd-f5e8-430f-ba36-70b786248843,Delgado,Patricia,4/4/2020,90000,Delgado; Patricia
56aa6c2e-68ae-4283-a624-4d7ea8061940,Peters,Sharon,1/30/2020,68000,Peters; Sharon
191cef2a-752a-4bf7-9e35-ed605282f778,Weathers,John,3/9/2020,98000,Weathers; John
75de8a5c-61ec-488a-8d05-ae8d0c5164b5,Ballard,Peter,12/17/2019,50000,Ballard; Peter
ff4b882d-5f5b-4a52-8b4e-0918bf616dbe,Holm,James,12/25/2019,85000,Holm; James
be5a766b-7d9b-40ef-9bbf-bbd7428ae978,Adams,Frank,12/4/2019,68000,Adams; Frank
83dae2a5-2bfb-48e7-a953-b044228ef0d9,Greenhoward,Robert,1/21/2020,65000,Greenhoward; Robert
949e9b2a-5e1a-4eb4-814b-7b0cc985af93,Mason,Lucy,12/20/2019,94000,Mason; Lucy
92bbdebd-704f-4862-9752-69df1e0442af,Lee,Larry,11/18/2019,92000,Lee; Larry
e67f7064-7c6e-456e-a49c-b922af5e9aa3,Linen,Traci,1/24/2020,68000,Linen; Traci
3f7a014a-84f1-4484-b61f-6f71ecdec5ea,Boddie,Anne,11/18/2019,65000,Boddie; Anne
545f1f8f-0493-42e7-b40c-0e5c09dd2261,Conley,Michael,11/27/2019,92000,Conley; Michael
9c32b5e8-d012-439e-8217-b6da39c69c73,Mohamed,Maria,11/24/2019,64000,Mohamed; Maria
1782f070-972e-480f-8518-926fb3eb31df,Weaver,Jeffrey,1/20/2020,95000,Weaver; Jeffrey
3f6456bb-47d1-4dd3-bb3e-5e4446c0ac85,Romie,George,1/8/2020,92000,Romie; George
7b57db86-ea90-43c7-a293-5240862ebc8d,Valencia,Inga,11/20/2019,52000,Valencia; Inga
39f502d9-54d7-4760-be19-08664aab7fd3,Dutton,Tom,2/15/2020,80000,Dutton; Tom
c87aeee1-2f52-4692-8160-d38e8b6f86c0,Lewis,Margaret,4/12/2020,71000,Lewis; Margaret
21324be3-f146-4091-bc1d-a02a815728fb,Paulson,Darlene,2/4/2020,79000,Paulson; Darlene
cca7d04b-8b57-4186-b7d8-c4a22fb659e8,Withem,Mittie,2/14/2020,61000,Withem; Mittie
9decb9f8-b351-41ee-a059-ff7803104ae5,Meyer,James,12/4/2019,95000,Meyer; James
376aa558-d0c1-4285-afb6-8320a1f2967f,Peck,James,3/3/2020,76000,Peck; James
fc5b4bba-7cd4-4b92-8b8e-e59b1c2b7257,Freeman,James,11/14/2019,80000,Freeman; James
5a1669b3-244d-402e-a637-ff0be84933b1,Briggs,Elliot,2/22/2020,85000,Briggs; Elliot
141b1794-a322-4f50-8525-0ff8872c0806,Estabrook,Thelma,4/3/2020,55000,Estabrook; Thelma
60dfc947-21a7-4233-a1c5-c8c996aff1e1,Frese,Adam,3/9/2020,94000,Frese; Adam
bacf9673-0347-4c6f-977f-6154e68cfa55,Cutler,Gregory,11/28/2019,65000,Cutler; Gregory
3e2753af-9db6-47b0-a09d-b8f141d096bf,Collazo,Edward,3/12/2020,74000,Collazo; Edward
33eed41f-ebd9-4df0-91a4-c8cd91ab7945,Barr,Thomas,11/26/2019,86000,Barr; Thomas
d0c7e4e6-115f-44ff-9711-89f7d0080dc8,Finn,James,2/21/2020,58000,Finn; James
5661aa83-c816-4306-aa8d-16875fddced6,Cooper,Justin,1/23/2020,95000,Cooper; Justin
63c34df9-0a43-4205-9bd3-28aa9d665b0f,Graves,Norma,1/8/2020,50000,Graves; Norma
00b001fc-98fb-44cd-960e-dfdc0ef1d77e,Alexander,Kathryn,1/13/2020,80000,Alexander; Kathryn
d4e332be-f746-48e0-8cf8-c356c40274ba,Mcneill,Julio,12/2/2019,90000,Mcneill; Julio
743588a1-f090-4891-be42-de27a226f09b,Rollins,David,12/25/2019,86000,Rollins; David
d1fe3bf7-16e1-41d4-9dc1-00c4ff210281,Parrott,Jamie,3/12/2020,93000,Parrott; Jamie
1a0dc7d0-7cb8-4523-b181-979be3390bbc,Jay,Erma,12/5/2019,95000,Jay; Erma
2f809433-7e79-41d1-ba2c-721080ab07d3,Spillman,Kris,1/14/2020,98000,Spillman; Kris
f69516f0-77d6-4372-94af-08483c8669d9,Ward,Carrie,11/22/2019,78000,Ward; Carrie
57e6e59e-dee4-4532-90e1-55fc43cdb7ec,Joy,Jerry,2/1/2020,61000,Joy; Jerry
65087e4a-671a-4ae3-9277-58dee357fb0b,Smith,Paul,2/9/2020,92000,Smith; Paul
3bda3d54-f8ac-4062-b11d-ad583a76758a,Brown,Dana,4/1/2020,100000,Brown; Dana
71ca6640-f5ee-4c16-a9a7-12e52a2437d5,Gaskins,Heather,3/15/2020,97000,Gaskins; Heather
5204b62d-3c93-4fef-9e02-524494a640b6,Ortiz,Carla,2/23/2020,92000,Ortiz; Carla
a02742e0-f79b-4557-b061-541495a192e8,Smith,Charles,11/23/2019,53000,Smith; Charles
af2b0ae8-f976-4356-ba71-5786755f532e,Hitzeman,Geneva,2/12/2020,58000,Hitzeman; Geneva
49ec8ed1-45a8-4809-9f17-83a71ff4339b,George,Amy,12/30/2019,83000,George; Amy
8829d830-69c2-45c9-bde3-a99067de1cb7,Sites,Lillian,11/23/2019,56000,Sites; Lillian
9ffab333-f7bc-45f1-8b73-4eaf570242f6,Richards,Deborah,3/26/2020,54000,Richards; Deborah
2e7b2b72-9fb8-430f-a1a3-6ca202b11789,Hart,Jennie,12/20/2019,85000,Hart; Jennie
66d3de84-44ed-4b57-9af5-8fc4bc9b0519,Garbacz,Jerry,3/23/2020,68000,Garbacz; Jerry
ce8b5897-98c2-4010-91bb-82d1c10a65f7,Stainback,James,11/22/2019,74000,Stainback; James
136b851b-5b8c-4924-b2c3-183ce8afdc23,Mckie,Lillian,11/18/2019,98000,Mckie; Lillian
4851c348-524f-4eaa-a05f-b199d2caa1f8,Hamilton,Mark,1/25/2020,99000,Hamilton; Mark
d2e39c47-53f5-4491-a3ff-1dfacab7f2c2,Delaney,Dana,1/11/2020,83000,Delaney; Dana
ee725b7d-1bd2-42cb-9c3a-2cae309486c1,Garabedian,Carolyn,3/14/2020,77000,Garabedian; Carolyn
abbb314d-fd75-415a-a458-ce71b13b9fcf,Bambeck,Brenda,3/21/2020,63000,Bambeck; Brenda
f9ec6866-a8d5-416a-a4de-c14379bedef9,Finch,Yolanda,12/5/2019,78000,Finch; Yolanda
95c41267-a77a-4ea5-adcc-0be467ebca5d,Platt,Danielle,2/23/2020,78000,Platt; Danielle
250f0daf-51f8-4c0f-9ae0-581d516feb74,Norris,Adele,12/10/2019,97000,Norris; Adele
353a02e9-92dd-47b5-a7d6-cdccf7e37737,Upshur,Stephen,11/24/2019,75000,Upshur; Stephen
c3e6df21-da99-47f2-871f-8540bb483dae,Coffin,Anna,12/10/2019,86000,Coffin; Anna
584853dd-6f82-4a2e-9f40-6a01065e0d24,Freeman,Otto,2/23/2020,58000,Freeman; Otto
94c7f4ca-cb92-4998-ab0d-6846bd0802de,Raines,Wiley,11/23/2019,89000,Raines; Wiley
5c6d7901-39a9-4884-bbad-73d48109cdfd,Cleare,Joseph,2/27/2020,51000,Cleare; Joseph
7fc9405a-5349-436e-bcbb-c566898162b9,Fisher,Irma,4/4/2020,94000,Fisher; Irma
083b3509-5d2a-4bfa-affe-a2e367f22456,Bridenbaker,Timothy,12/7/2019,69000,Bridenbaker; Timothy
045daeec-0792-4141-94c1-9a0e5b9cdce7,May,Trevor,1/28/2020,54000,May; Trevor
d635e384-e2f5-4c64-ac6b-75baa5ba8e3a,Risbeck,Anthony,2/25/2020,91000,Risbeck; Anthony
81fa2430-d51f-46b0-b067-c2e838a81493,Rodriguez,Anthony,12/21/2019,95000,Rodriguez; Anthony
3e98b2f8-6b7f-440d-af63-7b8c74b18da1,Henderson,Jason,1/9/2020,84000,Henderson; Jason
d1e61441-b002-4739-bd2c-fd6429be38fe,Montilla,Miguel,11/16/2019,93000,Montilla; Miguel
c49b64bc-3485-4dd0-bf05-ff26c095c995,Blount,Mary,11/19/2019,79000,Blount; Mary
36ed7f02-7608-41d7-9906-da5381a66455,Tobey,Doris,12/29/2019,86000,Tobey; Doris
71013216-9336-4508-9e78-b596e79f5a78,Mcintosh,Thomas,2/2/2020,88000,Mcintosh; Thomas
118026b3-1e51-4e23-987a-d96e9e68a4b3,Gimenez,Robert,2/12/2020,95000,Gimenez; Robert
fdd47ef3-681a-4f88-b107-ffdffd10d953,Reach,Jane,2/25/2020,59000,Reach; Jane
7fbeb16c-72ad-4da1-84ec-1923161a06e3,Moore,Eric,11/29/2019,59000,Moore; Eric
63d5fa7e-33e5-4d61-9bdd-6442bfafd166,Plummer,Ted,12/16/2019,92000,Plummer; Ted
eb7ba333-e285-40aa-b011-08788e9fbe54,Marzinske,Gregory,3/19/2020,56000,Marzinske; Gregory
48b0ec1d-9ff5-49e9-a157-34c4e87e9457,Prucha,Betty,1/5/2020,53000,Prucha; Betty
65976e72-579a-4c07-842e-d8011be9d5e1,Volo,Randy,1/15/2020,92000,Volo; Randy
3ee13699-7e18-4cf4-8f81-603df4011573,Salos,Cynthia,12/31/2019,71000,Salos; Cynthia
7edd4c6b-163d-4621-8f0b-faf605e427ee,Hill,Jane,4/6/2020,51000,Hill; Jane
a7491e42-3ab2-4fa6-bb56-12cdab3e9cbd,Estrada,Cliff,1/23/2020,95000,Estrada; Cliff
52e2897f-f41f-4c49-9d00-32a2a3e3f889,Stowe,Jeffrey,3/21/2020,78000,Stowe; Jeffrey
09ad041e-b32c-4d77-86a3-0153a9d5ec53,Solis,Carl,3/15/2020,99000,Solis; Carl
d3751e26-cd2b-430e-9aa8-430f54eab86e,Thompson,Louis,12/16/2019,86000,Thompson; Louis
5e78eac3-3c2a-4aec-af69-71eccbf2f089,Kantor,Marcos,12/11/2019,93000,Kantor; Marcos
d99e83c2-3180-48ae-9cc6-62a4818929ec,Mcanally,George,3/19/2020,68000,Mcanally; George
e12f6c83-0c00-4b24-883f-be33e0abeb02,Bledsoe,Sammy,4/12/2020,68000,Bledsoe; Sammy
e7786312-09a3-4b3c-9c8b-0f1c16317f73,Boyd,Jessica,1/24/2020,68000,Boyd; Jessica
bf8a63b2-8417-47ec-afee-439fa3ede870,Conrad,Mary,3/12/2020,80000,Conrad; Mary
576491a0-9753-4180-9acc-9e8eaae4ce67,James,Julius,2/23/2020,94000,James; Julius
cb4290f7-927c-4d41-a428-44bbd75900c0,Behm,Octavia,1/9/2020,73000,Behm; Octavia
2a14019d-34c7-42de-bd5a-c3107e8ef44e,Arwood,Aaron,1/27/2020,88000,Arwood; Aaron
6e6edf0a-0259-4767-b4ec-42a516c1eb6c,Atkins,Laura,3/15/2020,88000,Atkins; Laura
9217258b-9664-4b0c-945b-93abdfae3caa,Jones,Chantell,1/7/2020,89000,Jones; Chantell
16650df2-8815-4ae1-832e-4a1e5365c550,Bivins,Gregory,1/13/2020,98000,Bivins; Gregory
4a37f049-5148-45f6-af75-81074e9ef274,Tindle,Aaron,2/25/2020,99000,Tindle; Aaron
f5c49930-ddb8-4bf1-b554-0a8ab0afe9c1,Cook,Allen,3/29/2020,67000,Cook; Allen
ff4d74ea-bbe8-4ab1-96f3-fd0c21129554,Brothers,Helen,3/14/2020,97000,Brothers; Helen
ee191668-b666-46cc-9679-e1f66aa45d98,Cox,Eric,12/7/2019,52000,Cox; Eric
687d9569-f134-4df9-ae51-9321416a87da,Whitehead,Cynthia,12/25/2019,61000,Whitehead; Cynthia
999393fe-7481-4a59-bc98-3986ce106201,Perry,Eugene,11/27/2019,59000,Perry; Eugene
e7ee921e-7fc5-4fe6-a1e7-0e7769984da1,Baumgartner,Shani,3/12/2020,92000,Baumgartner; Shani
2adf5d49-f46a-4465-875c-561df523f3fb,Aycock,Daniel,12/6/2019,71000,Aycock; Daniel
7c7063bf-aea7-4520-9569-b0c0ba16066c,Soto,James,12/3/2019,98000,Soto; James
09fb8948-fa22-4ef5-b2c6-0ba35a3094c2,Ramirez,George,12/10/2019,59000,Ramirez; George
22c924cb-9b4a-42c6-b5d1-8a820da2d6e9,Cates,Patricia,2/2/2020,85000,Cates; Patricia
f98c9e00-6345-44c5-889e-d1ea3d989baa,Charles,Jude,2/2/2020,71000,Charles; Jude
d0017316-71ff-46fe-bea4-9c26e4d30d08,Hale,James,11/22/2019,63000,Hale; James
9597ecc1-0797-4dac-bb0a-1ab216722976,Adair,Dustin,3/25/2020,77000,Adair; Dustin
010d050b-06d9-4c59-9552-fb9861409ff5,Gomez,Jose,1/23/2020,75000,Gomez; Jose
cbc6aa8a-a633-4e0e-a48f-53c5228ea54c,Toman,Betty,2/10/2020,74000,Toman; Betty
7bc1c076-4458-4102-a6dd-5d37c5d94e79,Cifuentes,Francis,3/11/2020,57000,Cifuentes; Francis
21c970bf-01ec-46e0-a448-00558908a790,Edmiston,Deidre,1/14/2020,76000,Edmiston; Deidre
4840b50c-b024-4f32-b31a-fa9965ee2c65,Uutela,Sonia,12/21/2019,78000,Uutela; Sonia
016ffa01-10c5-4334-9c96-66d02d6a98c9,Nelson,Jane,3/17/2020,89000,Nelson; Jane
6bfd8e81-67c1-4941-aef0-f80081a42388,Martin,Charles,4/8/2020,50000,Martin; Charles
1288e8f6-5030-491f-bd86-5c3a983a8d69,Mitchell,Marion,3/30/2020,83000,Mitchell; Marion
31fa5024-1d59-48b9-b62e-50e510fc92e1,Ransom,Mike,11/22/2019,84000,Ransom; Mike
312635e8-0978-4ac8-9d57-7802e6fae52f,Davis,Adela,11/19/2019,66000,Davis; Adela
7d1437c4-3cc1-4640-8c22-492e70a5ae90,Touhey,Rex,1/28/2020,68000,Touhey; Rex
0aa87b62-977b-410e-bdb2-38c540794f90,Miller,Brenda,12/2/2019,66000,Miller; Brenda
1476e2d0-8ddb-47ae-8aba-24f633d20472,Bowlin,James,11/18/2019,79000,Bowlin; James
eec89047-6f74-49a6-8508-961cfec8062e,Jackson,Marvin,12/17/2019,80000,Jackson; Marvin
85dd2cab-49cf-4995-8a4c-766482c73607,Nealy,Angel,12/11/2019,84000,Nealy; Angel
e05a5b49-59a3-4698-83b6-c9e7b88c1f79,Shaw,Linda,12/31/2019,85000,Shaw; Linda
01590b37-6cdc-4575-b659-93ee138738e0,Williams,Janet,1/24/2020,100000,Williams; Janet
b17013cc-7ff4-49d9-952e-12154b0ae72c,Jones,Kirk,4/5/2020,89000,Jones; Kirk
23dc2d7b-33b4-4fd6-b80e-94eeea6ecfd9,Donaldson,Johnnie,2/3/2020,96000,Donaldson; Johnnie
bd3f9f28-d625-40c2-8b0c-d4cd492a0a71,Johnson,Kelly,2/15/2020,81000,Johnson; Kelly
93889460-3a5a-4c9e-ab30-dc231b4c900f,Rascoe,Lynette,1/4/2020,94000,Rascoe; Lynette
dbe2b890-931b-4427-b3ef-8e3c258f841e,Huey,William,2/16/2020,77000,Huey; William
1d433aec-fd11-46ef-b9c5-345aa7b91029,Fernandez,Sarah,12/24/2019,77000,Fernandez; Sarah
cea956d3-8d6a-4635-a31d-0936d915eb8c,Cassella,Judy,2/29/2020,73000,Cassella; Judy
0bd65c72-db3d-4cf3-80e4-9b94c5019bb7,Marinaccio,Dwight,1/29/2020,88000,Marinaccio; Dwight
c1e0d2f2-3560-4d0f-9897-34b6a62510e7,Lawing,Conrad,1/9/2020,61000,Lawing; Conrad
48c21ced-788c-415a-bf17-36c35c8cfcc4,Hall,Jannette,11/19/2019,81000,Hall; Jannette
de8ac4e5-7018-40f7-9b2f-b3b0bf7c7c2f,Tarver,Sherri,11/14/2019,79000,Tarver; Sherri
45dc5442-dc15-4705-9268-b8fe08e09972,Matty,Olga,1/17/2020,55000,Matty; Olga
5be1e9b5-ff9a-4fb2-b570-049d3a4a1782,Kosse,Janet,11/15/2019,58000,Kosse; Janet
f95f9673-c496-49a3-a6eb-c47f1bc61667,Linder,Connie,1/27/2020,91000,Linder; Connie
d55d1a7d-7f78-4637-9e6d-9df07071ccab,Milne,Thomas,1/24/2020,57000,Milne; Thomas
c79789f6-fb12-4f16-b1cb-e15f3bac7c70,Richardson,Lyle,3/26/2020,55000,Richardson; Lyle
58e96a49-f083-4203-a224-e82081322381,Darcangelo,Steven,3/9/2020,67000,Darcangelo; Steven
1a8772a2-8488-43e7-9a10-55e510bce0a1,Kicker,Anthony,1/25/2020,95000,Kicker; Anthony
41c499ec-a66b-45c2-9253-4ea2a738e03d,Hall,Neil,3/13/2020,62000,Hall; Neil
111e2095-3534-41d5-9a68-e55c75bd3895,Baker,Penelope,11/17/2019,59000,Baker; Penelope
244b21e4-f301-4364-aaf4-4608315c0db9,Thomas,Patricia,11/30/2019,85000,Thomas; Patricia
b09e1e3c-7c60-4778-a323-72a862cc41ac,Wycoff,Michael,3/11/2020,86000,Wycoff; Michael
bac51a76-fa10-4e79-8ebd-97f2c03541a0,Richards,Leonard,3/26/2020,50000,Richards; Leonard
58e2c9e5-9627-4361-aee3-c2ce2727600b,Marquez,Andrew,1/19/2020,79000,Marquez; Andrew
2436e993-4723-4840-8865-820ed15e567b,Bettendorf,Victor,1/15/2020,77000,Bettendorf; Victor
4de782b8-884e-4379-ad6a-e01fdb966ade,Rusboldt,William,3/31/2020,65000,Rusboldt; William
44703d28-1898-4b4f-b5aa-3732c1f15feb,Lyerly,Victor,2/12/2020,55000,Lyerly; Victor
7b15a4f4-1fbf-4ac3-9a76-439a2537db2d,Brown,Kelly,11/23/2019,99000,Brown; Kelly
32f22c85-f0aa-48a3-8da4-fed4192c83ac,Watson,Liza,3/5/2020,55000,Watson; Liza
7610b57c-7c1a-49ec-a365-f819a6cc7343,Avery,Nina,2/8/2020,96000,Avery; Nina
fcdcedc7-eb54-400e-a7f4-a9ecbfe3c8e1,Franklin,Joyce,12/23/2019,52000,Franklin; Joyce
d5233cb4-47ba-4723-bb2c-18f65879df1d,But,Robert,2/14/2020,65000,But; Robert
c265f4c2-5608-4fd6-923d-4495f278979a,Jones,Pierre,12/26/2019,82000,Jones; Pierre
a0453976-0fa3-4d9e-8b69-38ea53723b3f,Baldwin,Matthew,2/21/2020,61000,Baldwin; Matthew
2c663a80-0861-4146-8301-12cd0873be58,Smith,Tia,3/7/2020,77000,Smith; Tia
c7cd0741-815e-407e-9443-361d5b2953c1,Leblanc,Jennifer,2/29/2020,88000,Leblanc; Jennifer
986327d8-fb15-4ea2-a29b-b2b47465ada1,Garrett,Michael,11/18/2019,85000,Garrett; Michael
ec05146c-55dd-43e3-8eff-b722489d9d8e,Livingston,Larry,4/5/2020,91000,Livingston; Larry
87ad42e7-906c-447d-89d3-fe247263fd2f,Warner,Esther,2/26/2020,67000,Warner; Esther
18a42301-0051-42f5-ad0c-4937f8dccd2d,Kehoe,Julio,2/8/2020,91000,Kehoe; Julio
88dd98ce-6d00-4765-a85c-d78c24337e1f,Okeefe,Mary,2/9/2020,61000,Okeefe; Mary
7ebfb5df-e105-462b-854c-8e815b9473bc,Dees,James,1/21/2020,83000,Dees; James
df4abd70-4e59-4344-821d-212ae7762765,Griffith,Israel,3/1/2020,89000,Griffith; Israel
e8630b14-28ec-420d-9f54-7068de708f32,Porter,Michael,4/10/2020,89000,Porter; Michael
ce9ae66e-1e5d-49f4-a2b8-bbb723d57fec,Walker,David,12/14/2019,84000,Walker; David
1ad60e4d-699e-45f7-ab78-4cee3e1c365f,Dowd,John,3/6/2020,57000,Dowd; John
aef1063e-2382-42a1-bd7c-8f238fe58aef,Munoz,Marie,12/10/2019,84000,Munoz; Marie
bee2e143-eeca-49a2-a732-4a55b4d185af,Sturm,Jerry,11/17/2019,72000,Sturm; Jerry
1acd2600-e96b-4bb5-a447-4d8ad78d9ced,Demaio,Lydia,12/31/2019,91000,Demaio; Lydia
1ff6f9e5-c78a-43c1-9e74-c0d3a652d8a5,Barry,Eva,3/2/2020,71000,Barry; Eva
0f5706af-0e1f-4ae8-b02e-cb3822ae692a,Northrop,Teresa,2/22/2020,54000,Northrop; Teresa
a5c2403c-1a12-427b-9bbd-1559d43db66c,Derosa,Ray,3/27/2020,75000,Derosa; Ray
e7283af8-ad9e-49be-b5d3-6ed9cce292d8,Moorehead,Kurt,1/10/2020,74000,Moorehead; Kurt
dcaee573-c85d-428f-b536-7f93a95bdac6,Moore,Loretta,2/17/2020,53000,Moore; Loretta
7bf9de15-e77c-4a11-a7ba-7a3b1d8c25f5,Chapman,Josephine,3/5/2020,50000,Chapman; Josephine
110187f4-3a15-4942-98d8-eac762e0f85c,Pryor,Kaitlyn,4/2/2020,92000,Pryor; Kaitlyn
b02eac67-b582-4f3f-a27d-2599b71be1f3,Rustrian,Lillian,12/12/2019,78000,Rustrian; Lillian
aab0e9e7-5b5c-4701-9047-b2b0a8ed4be1,Vanderlinde,Lula,11/27/2019,90000,Vanderlinde; Lula
bddc0e52-2726-4ded-9324-f9a19da82434,Bell,Hazel,1/15/2020,68000,Bell; Hazel
b231603a-d3fe-48df-b84e-24f51ac666e3,Razor,Alison,1/16/2020,59000,Razor; Alison
019ab9a5-1d9a-470a-894a-8a84ee9fa6bb,Capellan,Patricia,1/20/2020,75000,Capellan; Patricia
705ae5f8-d5dc-4e3d-b2a5-05b4f7ff129c,Alvey,Martha,1/26/2020,81000,Alvey; Martha
befd9e27-400b-4bca-bcaf-129d27a8b7cf,Torres,William,1/24/2020,81000,Torres; William
5a029328-3961-47a2-8cfe-8e0eefd2fc07,Clark,Michael,1/29/2020,87000,Clark; Michael
7e920ea1-799b-4081-9e54-b7120b2d4e90,Moore,Carolyn,2/24/2020,82000,Moore; Carolyn
ecdcfa8d-e8f7-4c3e-b475-3151aefce671,Burnett,Janene,1/6/2020,76000,Burnett; Janene
470a3cf5-69fe-48ba-aeb6-409689eefad3,Amato,Susan,12/16/2019,60000,Amato; Susan
3605baa1-69e0-4920-b705-abd1a093cce3,Ray,Katrina,12/24/2019,50000,Ray; Katrina
d4869d27-4d1c-4eb5-87c0-a97d95c0f0d2,Glover,Ronald,3/2/2020,91000,Glover; Ronald
19d4620c-2a33-4716-9c06-fc50e0e421ac,Lewis,Lonnie,11/29/2019,85000,Lewis; Lonnie
7926d9a8-f8c3-4dfb-947c-88d6eb1d6208,Rollo,Rochelle,3/15/2020,83000,Rollo; Rochelle
b05eb409-edbc-4019-a405-33ff4e7f743f,Gamez,Antonio,11/26/2019,93000,Gamez; Antonio
da493d49-12c4-49f1-b515-c9f9824a1aee,Ortego,Anderson,2/2/2020,98000,Ortego; Anderson
762143c4-1524-4e01-a374-8daf6dc7fdf1,Blanchard,Esther,4/4/2020,96000,Blanchard; Esther
f3c37bab-3232-43f6-b222-0c37439c7179,Moon,Wendell,2/4/2020,78000,Moon; Wendell
d2f4e69c-afa7-4b75-bac9-d8bfbf37a2be,Alonzo,Jose,12/30/2019,59000,Alonzo; Jose
5f3af617-477d-4a02-b21e-8c46379e1126,Wheatley,Lisa,12/5/2019,74000,Wheatley; Lisa
db34a229-dc29-47bf-b495-ab140c02da6b,Irizarry,Esther,2/13/2020,93000,Irizarry; Esther
011ee98f-da1b-4dfe-8d0f-f72692457d5f,Bickerstaff,John,12/14/2019,100000,Bickerstaff; John
61e08b13-cd9f-4dfa-89cf-47d244b85d2d,Caccamise,Joan,12/2/2019,97000,Caccamise; Joan
bb7a8686-521b-46aa-9879-98e2f7297cce,Prohaska,Victoria,11/30/2019,85000,Prohaska; Victoria
9ebb7d69-90b4-4b59-ac23-fddef906b25e,Villanueva,Lina,3/5/2020,91000,Villanueva; Lina
4b936338-801e-4c8c-9c78-ba3f1e77c228,Krause,Oliver,2/8/2020,62000,Krause; Oliver
5d048e9b-452f-48cf-881d-c065b613f2c7,Yuste,Yvette,12/16/2019,66000,Yuste; Yvette
ab604c7b-3536-424c-82ee-bfab2eaecb38,Magnuson,Helen,12/28/2019,76000,Magnuson; Helen
31f50e22-f6d6-4af8-b7bc-e86ab4f26456,Zamarripa,Luz,2/22/2020,97000,Zamarripa; Luz
de3ffa25-5200-4183-a4e5-d9cd78c50727,Bender,Angie,3/26/2020,52000,Bender; Angie
70537772-45ee-4f92-8a10-f1813efdaad7,Godfrey,Marcia,12/1/2019,74000,Godfrey; Marcia
b0d9aa9f-7968-413a-92e4-38eb40c57fb6,Dixon,Andrea,3/12/2020,64000,Dixon; Andrea
48a70079-da58-4ac3-be79-a76c430f1e30,Conde,Kayla,1/17/2020,73000,Conde; Kayla
914d1e2e-6f23-4885-939c-68abf9fca7c1,Huber,Jeffrey,2/13/2020,85000,Huber; Jeffrey
0eecda20-e5d0-4339-9ee1-a3f286374e46,Allen,Kristina,11/21/2019,92000,Allen; Kristina
6b20933b-c72c-41a4-aded-d67fcc8dd27c,Walls,Marvin,12/15/2019,98000,Walls; Marvin
322adeb6-912f-4a6d-a12b-b57cc32f848c,Roberts,Buck,11/23/2019,97000,Roberts; Buck
0dd070b6-a96b-48f2-b1bc-9148d7bfce9d,Blackmer,Jerry,2/29/2020,95000,Blackmer; Jerry
4fef7109-a589-4865-88d4-cba0c797b482,Holly,James,12/17/2019,50000,Holly; James
6c034f75-342a-4b92-b806-6c1879baa621,Grimes,Linda,11/14/2019,71000,Grimes; Linda
2127a806-fe90-4208-b6cf-0ae21a8d2377,Mills,Gerald,3/25/2020,88000,Mills; Gerald
2ba1a842-923e-4836-abb6-6ae9f8d8ac52,Scaglione,Nigel,12/4/2019,77000,Scaglione; Nigel
f97d94ad-6b69-405c-91b0-dfba075a6366,Chaney,Marcus,2/19/2020,55000,Chaney; Marcus
f04590f0-6ae9-4803-8e13-488e190f7ce8,Hoagland,Nellie,12/12/2019,54000,Hoagland; Nellie
3cc445ed-7cf7-4e9f-b0f0-7cd7fdcc2235,Hedin,Mary,1/26/2020,80000,Hedin; Mary
3faa798c-17db-4fb6-9696-ac1ce1563137,Lamson,Amy,11/28/2019,99000,Lamson; Amy
f622be62-a78d-4044-b53a-393ec360b442,Hyppolite,Kevin,1/24/2020,58000,Hyppolite; Kevin
de1fa0a0-d288-41e9-9aad-3ec0c704f64f,Prescott,Kristin,3/16/2020,52000,Prescott; Kristin
a0b36031-b4d4-47e4-8ae6-ef0edfca9020,Holsopple,Jerome,12/31/2019,54000,Holsopple; Jerome
9d39de3a-758f-4ea4-82b0-b1150a66eb38,Roseman,Brenda,1/27/2020,57000,Roseman; Brenda
55edd5e1-0656-45e6-ad98-f948f699ebf7,Miller,Corinna,2/8/2020,59000,Miller; Corinna
54490b7e-484f-4c51-82ae-520f819d431e,Nix,Sandra,4/8/2020,98000,Nix; Sandra
83618cef-e9f6-4d36-9965-604d9a7cd7f2,Puente,Walter,1/25/2020,58000,Puente; Walter
5ec2c130-fadb-42c9-b151-a90148d8d995,Mcguire,Ruth,1/27/2020,92000,Mcguire; Ruth
5475977d-d14c-49d9-9fb9-b10349e8b866,Oleary,Lois,3/1/2020,67000,Oleary; Lois
18177d19-a28b-423d-b85e-5f2623fe6ec0,Horner,Shirley,1/25/2020,81000,Horner; Shirley
6bf761df-75de-4b4a-8456-58c6e2c16919,Ralston,Thomas,2/9/2020,52000,Ralston; Thomas
aa0ffa97-fd0b-4bb1-b69b-6938ad4ba178,Emling,Helen,2/18/2020,90000,Emling; Helen
bc791d52-0038-4c99-a8c2-9885bf122a20,Dominguez,James,2/29/2020,55000,Dominguez; James
d7b31e27-a2cd-4678-8311-918038202772,Alvarez,Judith,12/7/2019,98000,Alvarez; Judith
f26384ad-9bb0-43f3-a069-a4b1de47b881,Norton,Anthony,12/24/2019,68000,Norton; Anthony
327c1140-f0b8-492f-88c7-c45879917112,Hutcherson,Elnora,1/16/2020,90000,Hutcherson; Elnora
e01c80e3-0e30-4d41-90bf-64d85c6bb9ae,Mckinnon,Joseph,2/14/2020,77000,Mckinnon; Joseph
a6428b41-a6ad-4ed7-bfe2-d12bae499ef1,Rhodes,Socorro,1/26/2020,77000,Rhodes; Socorro
2d8e6b0d-5f45-4615-b196-95b4c62088d2,Williams,Matthew,12/14/2019,52000,Williams; Matthew
070e62bb-5a42-44a7-af26-22e41a8601c4,Parkman,Vera,2/19/2020,55000,Parkman; Vera
fa2fef8a-44f5-4873-b80c-94c8a4d030e1,Argo,Hattie,3/5/2020,77000,Argo; Hattie
b7154e2f-e5e4-4651-8688-96119bffcebb,White,Richard,2/3/2020,70000,White; Richard
462f3a62-147c-49c8-8f3b-d946d8e42988,Painter,Bonita,1/8/2020,74000,Painter; Bonita
96835724-3f9a-4aa7-951c-54d64e557d9b,Courville,James,2/18/2020,96000,Courville; James
33588b84-d43b-4e92-89ed-af5dbff1e037,Lico,Rita,12/16/2019,83000,Lico; Rita
309458de-55a3-496e-a612-eb2a8ee0c138,Paulsen,Maple,12/23/2019,92000,Paulsen; Maple
5d99b6f2-9dc2-4dc5-9a86-baec97219f73,Espinoza,Gerald,3/24/2020,87000,Espinoza; Gerald
6388ae60-1053-4aae-9355-bfd8be5b8e57,Radaker,Argelia,3/18/2020,100000,Radaker; Argelia
d5f7cefb-be33-4cd3-a4f8-bfa9da90d36f,Natcher,John,2/24/2020,67000,Natcher; John
161d7c21-be36-4dd9-91de-fbca64f924ec,Flores,Pablo,12/25/2019,79000,Flores; Pablo
ba65c2ce-f047-4586-a50f-4134c9423dfa,Darragh,Josie,1/1/2020,100000,Darragh; Josie
b4800a33-d9de-43e9-a587-427120f20f25,Smith,Brandy,1/19/2020,81000,Smith; Brandy
255e5ffd-80a4-4ab6-a525-383c2d0bd887,Doiron,Mary,12/30/2019,89000,Doiron; Mary
58b3bda2-6b62-40e5-afe0-5fc79c02f61b,Brooks,Alvin,1/30/2020,89000,Brooks; Alvin
f4b4deca-32ee-40b4-9a5a-ba293fdbadb6,Gill,Linda,4/7/2020,54000,Gill; Linda
1e7dcc63-ce2b-45cf-acbb-2ad6264f3913,Reese,James,1/29/2020,81000,Reese; James
562bce05-2489-4972-85ea-65f5c4add0fe,Harvey,Katie,3/18/2020,52000,Harvey; Katie
3fc4ac8d-7455-44c1-8561-b6f9bdd1aac0,Dominguez,Eric,4/3/2020,91000,Dominguez; Eric
973f2620-1599-4f04-abbd-fa8d0503640d,Brown,Ismael,12/3/2019,97000,Brown; Ismael
708d6a45-281f-4ef2-8e35-c815d343ddc2,Reyes,Kristen,1/27/2020,52000,Reyes; Kristen
9b1ea93f-658b-447e-959d-3b6e355afd79,Barney,John,3/14/2020,75000,Barney; John
5fc1c870-c9bc-42cc-90cb-448ac470db1e,Hope,Chadwick,4/9/2020,94000,Hope; Chadwick
11ecabe5-ff7a-4987-8708-9e29528bc599,Sachez,Andres,2/26/2020,67000,Sachez; Andres
3f0b0921-3aa6-4d6a-9672-70579860fa4e,Finnerty,Christine,1/6/2020,59000,Finnerty; Christine
77117fd3-5984-40a9-a397-40b21e9d0c71,Russell,Joan,12/7/2019,78000,Russell; Joan
63a60848-9ada-41fa-aaec-917d4eea1cd5,Brown,Catherine,12/6/2019,82000,Brown; Catherine
f295db09-c254-4364-8543-e17af7f6076a,Estrada,Grace,4/4/2020,82000,Estrada; Grace
c1d389d6-563b-4f9f-bb3d-0ddc2f6aa128,Rigney,Cathy,3/29/2020,83000,Rigney; Cathy
2d1ac677-6b9c-4e25-b27c-eb72227bb958,Williams,Charlene,12/25/2019,66000,Williams; Charlene
1ae8d0b2-4df5-442b-9ae7-385536825244,Dials,Bruce,4/6/2020,66000,Dials; Bruce
061ec0ba-08c6-4c70-abe3-b261c5082186,Ward,Ramona,11/20/2019,68000,Ward; Ramona
56df7de2-b9a3-42b3-a0ad-e0d7fa973f26,Oliver,Tammy,11/23/2019,95000,Oliver; Tammy
41f13b9c-d4dc-4a40-be2b-bd13ccc4fbd8,Thomas,June,4/10/2020,50000,Thomas; June
8167f17f-8a6e-470e-82ce-7d9457754f91,Edge,Larry,11/24/2019,73000,Edge; Larry
a05853ce-5fd4-4ca2-9bf8-b1fd635fabe0,Stotts,Chris,3/28/2020,76000,Stotts; Chris
b29d7793-e11f-40dc-a18b-066bfdefeda7,Powell,Lamar,2/21/2020,100000,Powell; Lamar
3132ba59-dec5-482a-a3f1-e76320df03f0,Young,Margaret,2/14/2020,98000,Young; Margaret
c392bbd2-6745-4a0f-b37d-224cfaeedbaf,Kirsch,Justin,1/10/2020,79000,Kirsch; Justin
0ce13f18-8974-4cba-94b9-a7b18278149f,Guzman,Diane,12/4/2019,77000,Guzman; Diane
17c5f952-8b1d-41fe-b93b-d49b5f9017e1,Stovall,Robert,12/27/2019,76000,Stovall; Robert
23dc21d8-c037-4b6a-a9e1-cffb4dc57c23,Coleman,Mark,2/13/2020,83000,Coleman; Mark
ca5946d7-9ff4-46de-847d-22a31399050a,William,Renee,12/13/2019,78000,William; Renee
b3871873-a652-465c-903c-6b5766f6117c,Espinoza,Sang,12/11/2019,82000,Espinoza; Sang
82e86f72-b240-47df-a923-dc45733586f5,Owens,Blythe,1/18/2020,81000,Owens; Blythe
5d024a74-8b74-4a4c-8e81-e7714645c4bc,Mcguyer,Paul,12/9/2019,89000,Mcguyer; Paul
9f97a4b7-b6f4-42f9-b963-5e23855ea697,Jones,Jeremy,1/10/2020,95000,Jones; Jeremy
bec80e35-1c56-4e6d-a842-a12895462dc6,Debose,Donnie,4/6/2020,67000,Debose; Donnie
2da672af-85ae-4c8a-8749-1d0b2142c7a7,Koenig,Cynthia,1/17/2020,66000,Koenig; Cynthia
af63a2e2-5587-49a6-8c5e-c3593cefaaea,Figueroa,Doris,3/19/2020,73000,Figueroa; Doris
888bdabf-cc91-47e6-93a5-9c41e574d610,Rollins,Robert,4/6/2020,79000,Rollins; Robert
dc105769-9296-446c-9d05-af3c4c315896,Gagne,Audra,12/18/2019,68000,Gagne; Audra
9c529a41-fc79-4dce-b02a-5233a7ba56c9,Witters,Lawrence,12/28/2019,80000,Witters; Lawrence
cca701fd-9537-4a10-85fe-cfba3e2fb080,Burns,Ann,4/2/2020,99000,Burns; Ann
ec74b011-97e0-4d99-8ba0-14fec7c470b7,Taylor,Derek,11/21/2019,78000,Taylor; Derek
64bcc14e-a756-4f37-ae36-60c3a2e38b8c,Dao,Adam,11/17/2019,84000,Dao; Adam
d6c1457b-ef89-47df-b815-ea0e6d70ee91,Martinez,Gwendolyn,1/12/2020,71000,Martinez; Gwendolyn
d2e0c603-eee4-4005-af02-54be9258675f,Lathrop,Kathleen,2/2/2020,78000,Lathrop; Kathleen
7c8a009f-00f7-4c62-809a-2be1eaecabca,Palley,Thomas,12/18/2019,100000,Palley; Thomas
3c1319c8-816a-4cc2-b2e7-53805b12e7f3,Baker,Avelina,3/25/2020,98000,Baker; Avelina
eb679826-09ad-4673-9fc0-fb172aadcd6b,Lee,Clara,2/19/2020,59000,Lee; Clara
a5cd01bf-1122-4651-b26b-35d887ffd74f,Hosey,Nancy,3/30/2020,94000,Hosey; Nancy
e6344555-6c2e-4e45-a42b-67370f11d2f4,Elliott,James,2/18/2020,82000,Elliott; James
4e8c86ac-73b8-4ea5-a0b0-de6ac6e643ee,Gelles,Leroy,3/24/2020,69000,Gelles; Leroy
5c7b73ab-ccc5-4cfb-b0d6-2b882f87538a,Yocum,David,1/10/2020,53000,Yocum; David
16d6e5d4-a64a-4e40-a240-bf782941612e,Stpeter,Tanya,11/26/2019,58000,Stpeter; Tanya
aec5f1b5-8128-4a72-88cf-5d0ea55f7127,Acosta,Perry,2/21/2020,64000,Acosta; Perry
37720b2a-7db0-4165-bc27-89a8a9fd9177,Dirienzo,Paul,1/23/2020,90000,Dirienzo; Paul
4d5ac3ab-e6f4-4ebc-b999-09553d1d5658,Oneil,Martin,12/8/2019,98000,Oneil; Martin
51c58703-2c0f-4ad1-8a49-d2d377c9e583,Smallwood,Jose,12/24/2019,82000,Smallwood; Jose
e546e77d-fff2-41f7-a2fc-90baf20a2a6a,Dempsy,Jeff,11/20/2019,83000,Dempsy; Jeff
c1cce719-4b44-458d-a9fe-11499e2d3509,Ramirez,Rosa,1/6/2020,96000,Ramirez; Rosa
e7e1257f-bdbe-4715-a014-efe965781eba,Johnson,Adrian,4/8/2020,71000,Johnson; Adrian
d058f9dd-0977-47c8-87b0-22cfbc388400,Casto,Robert,3/13/2020,50000,Casto; Robert
0e1ba8c1-8bd9-4f38-9867-f5d88b687f13,Denney,Tai,4/10/2020,96000,Denney; Tai
a533c57a-21df-459e-b2c1-3757132a2f9f,Sanders,David,11/28/2019,66000,Sanders; David
376bfc2b-6acd-4966-9c60-796e7bd1e773,Eisman,Robin,12/24/2019,56000,Eisman; Robin
0c9c7c7e-4d07-4ff7-8ba5-196bd78e7136,Lopez,Anthony,2/16/2020,99000,Lopez; Anthony
27606bf9-ea93-49bf-a96b-0c888d13c6ce,Cowie,Thomas,12/2/2019,80000,Cowie; Thomas
223cc944-f230-4110-a20e-e5e67c80a8af,Vargas,Michael,2/8/2020,74000,Vargas; Michael
4c08f9dc-12c6-439b-b1bc-884f72151773,Vencill,Miles,3/11/2020,65000,Vencill; Miles
e639067d-2753-4c74-954f-908139630ba6,Clement,Tammy,11/17/2019,58000,Clement; Tammy
6273f306-5dd6-4dd5-8232-0147c6a19179,Wiedmann,Megan,3/11/2020,91000,Wiedmann; Megan
c39d216e-2800-467f-9cb3-7a5661925918,Johnson,Margaret,2/25/2020,56000,Johnson; Margaret
67cd243d-f0e4-45be-913a-629e6990d57d,Smith,Stephen,12/30/2019,71000,Smith; Stephen
e4731836-7e82-4d9d-8fec-abe9206267dd,Smith,Mary,11/30/2019,75000,Smith; Mary
647614d9-dbf3-4477-8eee-a45ec0676f88,Rodgers,Todd,2/14/2020,78000,Rodgers; Todd
8f1bf1ea-a397-4b41-981c-108a73d7b64a,Buffin,Michael,1/18/2020,81000,Buffin; Michael
b0f68db1-d388-40a1-b712-327261b5690d,Ellingham,Monica,12/31/2019,58000,Ellingham; Monica
4e7bddf0-98c1-4fa9-aa6a-00d57867bd14,Gray,Sung,12/26/2019,84000,Gray; Sung
8236ddc4-56bf-474b-b297-a2601dfee088,Hernandez,Christopher,2/6/2020,84000,Hernandez; Christopher
510ccef4-b399-415a-a4f2-a8b30afb9281,Foster,Robert,1/26/2020,83000,Foster; Robert
d99dedd5-33a8-45fb-bd7b-42bafd47a0a9,Fisher,Raymond,1/9/2020,83000,Fisher; Raymond
2adcf59b-e5ae-4beb-b715-81d1c493f26d,Mcarthur,Albert,12/6/2019,53000,Mcarthur; Albert
62170c40-6382-4232-8676-d8216f2f9163,Estabrook,Jerry,2/23/2020,60000,Estabrook; Jerry
59751956-453f-4e6f-b197-b7c393108db2,Diaz,Erika,1/14/2020,67000,Diaz; Erika
1dd0f8b6-6962-465b-a193-76fcb0ec34df,Martinez,Gilberto,12/4/2019,97000,Martinez; Gilberto
16d91193-f05e-4970-afdf-6a544db6f6c3,Rogers,Vernon,12/31/2019,82000,Rogers; Vernon
010cc54b-9039-4bce-8a60-7fdb350959e3,Ramin,Karen,11/23/2019,66000,Ramin; Karen
82b01114-df8b-40da-99f0-236b695ab25f,Mccarroll,Alfred,3/7/2020,66000,Mccarroll; Alfred
767a62d0-e6a9-438f-9154-7920106bcf06,Boyland,Jesse,1/23/2020,78000,Boyland; Jesse
845da756-b4af-484a-9f7f-59751a1eec14,Laplante,Cara,1/30/2020,60000,Laplante; Cara
f1b1cc39-9675-4a82-b003-c73348d1d17d,Scroggin,Jessie,4/9/2020,85000,Scroggin; Jessie
b4aaf5bb-acac-4c3c-a739-c21afd871bc9,Dalton,Leroy,12/25/2019,58000,Dalton; Leroy
20fe2f80-487b-4759-b350-132bd8a4d1c1,Pel,Janina,3/5/2020,94000,Pel; Janina
b2fab227-955d-4f25-96d8-806d6da3593e,Mayfield,Barry,2/8/2020,84000,Mayfield; Barry
ba2e719e-6fdd-4573-bc8f-3a5d0860c78d,Martinez,Tonia,1/30/2020,80000,Martinez; Tonia
00c428bf-71d4-4082-ae21-a73889057d35,Henrickson,Fannie,12/2/2019,95000,Henrickson; Fannie
0d15065e-668d-4cc9-8cef-947a3eb0b0e3,Rodriguez,Timothy,3/31/2020,100000,Rodriguez; Timothy
3af8eb1a-fd03-4fff-a556-08f308193592,Rodriquez,Regina,12/2/2019,88000,Rodriquez; Regina
9f3d7321-59f9-4faf-8a69-c36942469340,Eastman,Vera,12/19/2019,50000,Eastman; Vera
f629bcc8-2b5e-4e04-8676-06946c50e0f1,Hudnall,Jesus,4/4/2020,69000,Hudnall; Jesus
2db65239-162d-485d-b740-cc1277614ed0,Sinkler,Janet,11/20/2019,90000,Sinkler; Janet
e6a7fa22-b795-4628-b2fb-b0569a1fc530,Murray,David,2/6/2020,58000,Murray; David
b5b9d196-4e31-45b1-a9a8-b6321750da8f,Clark,Randall,4/5/2020,59000,Clark; Randall
3a1c9abf-33bb-414d-b0cd-1e7b3797644a,Hogan,Etta,2/9/2020,69000,Hogan; Etta
4766c84f-6b26-4403-b884-20e5cb98c96a,Evert,Fredrick,1/19/2020,77000,Evert; Fredrick
197c88dc-fdc0-4836-93f4-9cc0e25554e3,Johnson,Laurie,11/22/2019,98000,Johnson; Laurie
2466472a-2cff-4faa-a995-28fe16e1bc0e,Vaillancourt,Ramon,2/21/2020,78000,Vaillancourt; Ramon
5f39d270-350c-4622-bc9e-391c6297a95e,Neumeyer,Charles,11/27/2019,91000,Neumeyer; Charles
effdbe59-e8b4-4c3c-975b-b064ce80ea52,Mcculough,Kim,1/4/2020,59000,Mcculough; Kim
1866d046-a3f5-442c-8df8-2ebece42e4a1,Lopez,Russell,11/18/2019,74000,Lopez; Russell
80253625-d479-408a-b8af-59c12e082b4c,Farah,Hazel,12/9/2019,69000,Farah; Hazel
b0728c7a-e321-4bf1-8a67-1a7a037f7f4f,Vargas,Antony,12/16/2019,81000,Vargas; Antony
2d97f505-5d0d-4d23-b699-a9d35edabbc1,Maciel,Terri,2/8/2020,55000,Maciel; Terri
659c13ad-4b6f-44e5-8110-f66ba5180d80,Wehner,Ruth,1/19/2020,76000,Wehner; Ruth
74816811-bde5-4d1e-bd0d-22dddf5ea854,Herron,Matthew,11/26/2019,87000,Herron; Matthew
e44721d6-3246-418d-9d2f-a3c8fcb7309b,Hall,Wanda,3/29/2020,97000,Hall; Wanda
6110b211-655c-4661-acae-bd10453d9f76,Krell,Brooke,2/18/2020,83000,Krell; Brooke
7ad66200-add9-4d3b-b984-0b272f93ad8e,Breitenstein,Mary,1/9/2020,56000,Breitenstein; Mary
91d13cd1-9699-4c41-9bfb-4b42cab7c606,Anderson,Gertie,4/7/2020,66000,Anderson; Gertie
3c99f3c8-cdac-41b7-ba09-ffea10d55dee,Dahlgren,Portia,12/11/2019,66000,Dahlgren; Portia
364eed6d-5e8a-472e-be61-755f4a8aadb9,Rogers,Patricia,3/28/2020,79000,Rogers; Patricia
81bf27bd-7996-41ea-8df5-e80e9bb48580,Rivera,Saul,12/7/2019,66000,Rivera; Saul
d7f0967c-07ea-4475-9d21-510cd0ed7639,Sweet,Tim,2/6/2020,71000,Sweet; Tim
7443bb4c-4a3c-4b2c-a241-7d820e66ac14,Brown,Nancy,12/27/2019,86000,Brown; Nancy
4dd6820a-2105-4c75-8240-7c4368bbeed7,Snellen,George,12/29/2019,70000,Snellen; George
770a2e94-8c73-4737-a03a-432a36445dde,Sims,Johnny,12/3/2019,96000,Sims; Johnny
c3bc56b0-4530-48c2-a170-3d6119a842a3,Boggs,Jennifer,12/19/2019,74000,Boggs; Jennifer
985da2c7-3e56-4526-aeff-a9f81606eb65,Edgar,Sarah,1/17/2020,97000,Edgar; Sarah
64fed489-8315-40f6-89f6-78e084052a46,Otto,Brooke,12/19/2019,87000,Otto; Brooke
e8545ba9-8cf2-4443-944e-5262b8e1d08c,Lopez,Laureen,12/12/2019,54000,Lopez; Laureen
45a69376-08a0-4564-8b5d-0e62fbc00dd2,Smith,James,3/6/2020,67000,Smith; James
99ad73f8-6659-4c5f-b49f-574436e472d4,Monroe,Kent,1/10/2020,85000,Monroe; Kent
31aadbea-2056-4550-8116-86535a08f4c6,Montenegro,Lucille,1/28/2020,78000,Montenegro; Lucille
eebc3f42-b034-441c-9e13-d66a9c1377e8,Liedtke,Aaron,2/27/2020,60000,Liedtke; Aaron
545147f7-de1a-4453-bfe2-3f036e185c7b,Kellar,Nina,2/15/2020,86000,Kellar; Nina
89654de6-74fd-49b4-9bcb-7b68bd6bb75c,Morris,Frank,3/12/2020,70000,Morris; Frank
e1aa403e-32dc-4f53-bc1a-cd0ff9a75758,Mcallister,Peter,2/17/2020,100000,Mcallister; Peter
56566042-a4f2-4945-bce7-5705e9321e73,Giunta,Dallas,12/18/2019,78000,Giunta; Dallas
e8780f4e-114f-4bfe-899e-1a1dd32e9df1,Butler,Carolina,1/27/2020,96000,Butler; Carolina
e4134b61-5ef1-4047-98f7-58cf4da1190b,Toste,Amy,12/30/2019,69000,Toste; Amy
9dcb22ac-f6f3-4fec-8b16-0e0e71fab7bd,Chicoine,Carlos,1/20/2020,74000,Chicoine; Carlos
12b33ab1-b912-4f2d-94a8-c36004bfdb66,Suber,Frank,12/13/2019,90000,Suber; Frank
c9fc66cf-9012-483d-84e7-5df704882253,Leal,Ross,3/9/2020,59000,Leal; Ross
bf29ab9f-3c22-4374-bc3d-d59b9aee6a49,Klima,Linda,12/27/2019,85000,Klima; Linda
2bcc3123-1a42-4b99-aaca-51496eb79a67,Walker,Frankie,1/28/2020,58000,Walker; Frankie
ded0a7bc-faf8-4ac6-95ea-3f53b30b35db,Hommell,Kenneth,2/25/2020,58000,Hommell; Kenneth
6b606a2d-366c-459a-b268-fe4abffeca23,Torres,Tony,2/18/2020,51000,Torres; Tony
187ac103-d3f3-4993-b245-0b981d595a60,Andrus,Maria,2/27/2020,100000,Andrus; Maria
c20da6b2-27e2-4cfc-95f6-03408e00ba2f,Blake,Andrea,4/11/2020,85000,Blake; Andrea
a1d7e58d-a117-4443-b257-c2b685b51d9b,Calvello,Angela,1/30/2020,57000,Calvello; Angela
a5728b1d-0b26-4cae-96b3-fbe9b0315334,Taylor,Wiley,3/14/2020,99000,Taylor; Wiley
07a3cec2-29c1-41cb-9ca9-8ae89c3337bf,Head,David,1/23/2020,85000,Head; David
e623bab5-766a-4aee-9ddf-c7bf1acd3d51,Foster,Edward,12/3/2019,88000,Foster; Edward
bf99ed29-95b0-4b23-8014-7cfdec19fb2f,Williams,Shanda,3/28/2020,91000,Williams; Shanda
fd4d0f04-2016-4409-be8c-a5398e231401,Langston,Tommy,3/3/2020,83000,Langston; Tommy
8fce2609-d554-4041-9568-8f6ff7daed68,Simpson,Naomi,12/21/2019,67000,Simpson; Naomi
2bb9cd06-c17a-47b2-8ae7-81fb4297159b,Sexton,Frank,3/27/2020,66000,Sexton; Frank
dfb4b49c-7b4f-4047-8c68-a6a9d237eb96,Freed,Christina,12/3/2019,86000,Freed; Christina
1904a2be-b5cc-4e18-b68d-77840efc16c8,Sturm,Brenda,12/16/2019,86000,Sturm; Brenda
e21acabf-0706-45f0-80e9-f7b7543b3f44,Pender,Patrick,2/24/2020,88000,Pender; Patrick
efb8ccb3-2381-403a-a8f4-a05d3bfeea95,Watkins,Louis,11/20/2019,54000,Watkins; Louis
1dda4373-4616-40bf-a937-492576510195,Ward,Charles,2/10/2020,52000,Ward; Charles
d9aefff9-67f4-4ab5-9d90-3c240154abbc,Lasley,Tammy,11/24/2019,67000,Lasley; Tammy
07aa75cf-8625-494d-b833-90913a579216,Jares,Dexter,12/13/2019,97000,Jares; Dexter
55761eea-9098-48ca-9a64-b5989c4eb608,Palczynski,Deanna,11/25/2019,70000,Palczynski; Deanna
d26ac68a-f8ef-4277-ae95-39872d45d887,Allen,Debra,3/23/2020,67000,Allen; Debra
a819f108-a026-4148-8e1c-0c1e269d2cdd,Cuevas,James,1/1/2020,60000,Cuevas; James
e44188f2-b5db-417d-8e91-89fc4c19dfd3,Hennessey,Johnathan,2/26/2020,57000,Hennessey; Johnathan
be9783e5-fcb3-4438-b3c2-4eba54bce3d8,Hungerford,Julie,1/17/2020,95000,Hungerford; Julie
5b81aedd-6515-4d29-a889-2e63e33d3576,Amadon,Christian,12/12/2019,87000,Amadon; Christian
d55a4e6c-cb29-4497-b4be-3b3b9b0938dd,Lile,Caroline,1/7/2020,87000,Lile; Caroline
4abc3b5c-d040-48a4-b33e-705f04d8e90f,Hunt,Fatimah,3/9/2020,94000,Hunt; Fatimah
77bc55c9-83fa-46d3-ad2a-32a10a08a0ea,Rodriguez,Kenneth,11/24/2019,78000,Rodriguez; Kenneth
2e879bda-c388-4ea8-a9c4-5d1ddbd78f4a,Neal,Eugenia,12/14/2019,93000,Neal; Eugenia
8defefa4-6b5b-4a6a-b448-7a69c12926df,Ramos,Gary,2/29/2020,70000,Ramos; Gary
cca716c5-636c-48c3-89fe-3f50f1f15cd1,Mai,Jacklyn,12/3/2019,81000,Mai; Jacklyn
515970a7-f50d-4583-a998-299209ae0add,Poreda,Betty,1/27/2020,56000,Poreda; Betty
2cf2e836-77db-479c-9ad6-5cc2c653e07c,Quinonez,Joshua,12/13/2019,66000,Quinonez; Joshua
01814a30-6906-41d7-82e5-3154176bf7d7,Shuck,Mavis,2/29/2020,77000,Shuck; Mavis
d76bb697-8b83-4e21-85e6-0c0ccc1cd811,Sieberg,Susan,3/25/2020,56000,Sieberg; Susan
6902760c-deec-4316-aaca-5e0701d256a7,Wright,Richard,3/22/2020,56000,Wright; Richard
357bb04b-d966-42fe-898b-da98794b9158,Gatewood,Wilfredo,2/6/2020,56000,Gatewood; Wilfredo
1637a159-7201-4972-b90f-d985551d5b7a,Barber,Susie,12/9/2019,82000,Barber; Susie
64530b69-cd70-4a7d-8c69-8ff086132406,Mendell,John,4/11/2020,86000,Mendell; John
9baf6546-c78c-454b-88bc-cde7d18b7a0c,Senno,Arthur,12/5/2019,94000,Senno; Arthur
f023f1a6-df87-4b8d-8c6f-92db000fb2db,Maynard,Martin,4/10/2020,97000,Maynard; Martin
284ed3fc-d8c2-4ad4-b70c-5936998afd3e,Marshall,Gladys,2/20/2020,54000,Marshall; Gladys
0bfc1c71-b35f-4682-8ae3-ae9390471389,Mcdavid,Robert,4/1/2020,98000,Mcdavid; Robert
28387be6-8660-4481-9d9e-1e518d3cf0fd,Morales,Tara,11/24/2019,89000,Morales; Tara
cd002496-c981-4c1d-8a19-d90168085a26,Pearson,Bill,11/26/2019,99000,Pearson; Bill
bd64bcf4-84b5-4978-9587-1db68e87e595,Cooper,Wanda,1/27/2020,83000,Cooper; Wanda
1f9c73ea-d915-4f01-a101-34e0973024dd,Felan,Michele,1/21/2020,99000,Felan; Michele
dce82176-b5b0-4d73-8f46-d9b6c8af950f,Land,Michelle,2/28/2020,63000,Land; Michelle
90d17658-a5cd-4d35-895d-424a706800d2,Delcolle,Harry,3/3/2020,71000,Delcolle; Harry
2bfcbab4-d196-4e96-8c96-b7d98f6d7807,Hibbard,Charlie,2/8/2020,99000,Hibbard; Charlie
93ff08ef-ecb4-457b-b2b3-7e535b5c2049,Kim,Judy,11/29/2019,80000,Kim; Judy
f1e080ce-534c-4da2-8c9b-38fa74d87103,Pelaez,David,12/26/2019,59000,Pelaez; David
2972212b-97fa-4357-b4cf-828349613145,Neider,Gerald,12/10/2019,68000,Neider; Gerald
173ee031-cc70-46d0-a6cb-5378eb5209c3,Leif,Marisela,4/4/2020,61000,Leif; Marisela
b8f8490a-7f4e-486e-a2d2-5e53016bfbf3,Warren,Dorris,1/28/2020,52000,Warren; Dorris
d5b0507c-b228-49b3-94c3-58a376e633a3,Tatem,Everett,2/26/2020,59000,Tatem; Everett
af8f3f19-c8e0-4e02-9d93-24d5bf536b25,Henry,Celia,3/22/2020,73000,Henry; Celia
d848be52-77fe-43f3-bd01-edb6c47bafaa,Lindsey,Luciano,2/26/2020,87000,Lindsey; Luciano
8a3d013f-6283-4df9-a1d8-ee00a86f5e4b,Prasad,Elizabeth,1/8/2020,70000,Prasad; Elizabeth
5fa787c5-13bb-49ca-8c22-828ec14f9a2e,Smith,Lorna,11/26/2019,89000,Smith; Lorna
fd05a92f-806b-47af-a6d9-96ed6774a47a,Gowan,Esther,4/6/2020,92000,Gowan; Esther
c96f3325-c860-4a68-a1df-a91c27bb5e70,Smith,Michelle,3/26/2020,84000,Smith; Michelle
35c53d60-0e9d-4e74-a72c-59d915c3da9d,Andrews,Gregory,12/12/2019,89000,Andrews; Gregory
414e4e5c-dbf6-4cf6-bdec-c530ff2f2ada,Rice,Jacinto,4/1/2020,96000,Rice; Jacinto
6e8cfb42-9700-4034-be00-56ce2ec9778f,Rouse,Joan,2/9/2020,58000,Rouse; Joan
70c32d8e-b64f-4491-b58b-6f494dda8a9a,Studeny,Kerry,3/1/2020,74000,Studeny; Kerry
62d44840-f394-4dc2-b198-e60dac1b93c5,Lamaster,Oscar,11/27/2019,69000,Lamaster; Oscar
c9ea8a89-3851-43e6-be5a-87d9e99f136e,Broyles,Jodie,3/2/2020,68000,Broyles; Jodie
2b2736a0-011c-4fac-bbf5-bbd7a7b22568,White,Gladys,3/4/2020,98000,White; Gladys
caac6f18-8c03-4ea5-b543-c60c622dffc3,Long,Rebecca,1/6/2020,64000,Long; Rebecca
da4e8382-6729-4f4e-b951-33e7e14dbdaa,Boas,Robert,11/21/2019,56000,Boas; Robert
54575f8b-4850-4abd-aa17-d1404300edff,Castagna,Mark,3/22/2020,80000,Castagna; Mark
bb9e9585-aa83-48aa-9171-15e8341cd20e,Young,June,12/20/2019,65000,Young; June
e87ae5ac-75a0-4d9a-832e-4532e53f8f4f,Nash,Kathleen,12/21/2019,96000,Nash; Kathleen
0a144709-7fd8-44df-95dc-fef07450f168,Hernandez,Julian,2/8/2020,61000,Hernandez; Julian
ed333c5b-afdb-4e20-be08-9a4325b36ddf,Jones,Stephen,1/13/2020,93000,Jones; Stephen
96b38a75-2a5c-418a-982c-7d35e10748c7,Galloway,Joseph,3/16/2020,97000,Galloway; Joseph
d4ac73b3-ad2f-4b26-8f9d-532d40985b01,Guidry,Betty,1/3/2020,69000,Guidry; Betty
dc5e11a1-42dc-405d-9b1b-ea1def87d7bd,Ray,Sonny,3/20/2020,50000,Ray; Sonny
a283e4d7-4367-451d-b18a-95106e830340,Matteo,Hattie,12/5/2019,59000,Matteo; Hattie
adc5eac1-c3ee-4b7d-8442-8a03cfc8be83,Mcmillian,Edith,4/6/2020,67000,Mcmillian; Edith
0f1daf9d-bb27-42c2-abdc-01d0e7f5df48,Cabe,Ellen,4/9/2020,99000,Cabe; Ellen
cf135f41-310c-49a2-8865-3e35e3d83682,Gregory,Carlos,1/31/2020,66000,Gregory; Carlos
ec02b1a7-fde1-4b90-bdc2-00ec74b4dc7d,Oliverio,William,1/28/2020,67000,Oliverio; William
af98f365-0c66-465b-8269-3175009cac64,Heaton,Linda,1/9/2020,87000,Heaton; Linda
0bb2bbd8-2634-4375-abb1-512520343f1b,Pettry,Joe,3/6/2020,61000,Pettry; Joe
b4564dc3-e910-44eb-8fa6-c6f135eff91d,Hill,Charles,1/12/2020,74000,Hill; Charles
cae50b19-062f-427c-97ae-109ace9a75ff,Ayers,Angela,4/2/2020,67000,Ayers; Angela
7fddfd00-6893-41d5-b93c-e4ed77d72f39,Tucker,Charity,1/25/2020,72000,Tucker; Charity
5a716ed6-27c2-4904-8b13-f80e69ad212a,Cifuentes,Cindy,2/8/2020,65000,Cifuentes; Cindy
ec759a63-5c7c-4df8-a78c-277cde2df38c,Pischke,Tabatha,12/30/2019,99000,Pischke; Tabatha
81ae48d5-931c-46ed-92ee-2f8696db9806,Olesen,Heather,12/14/2019,100000,Olesen; Heather
0285627e-acf0-41fb-9541-d0f74d98f862,Adkins,Dan,3/30/2020,51000,Adkins; Dan
3d44ed57-e1b5-4f89-80b8-2fdb375b594c,Roger,Norbert,3/20/2020,78000,Roger; Norbert
a1d7185f-ed14-4245-a68b-2b0be5064400,Waters,Benjamin,11/25/2019,100000,Waters; Benjamin
2ae83569-aba7-4a1d-b9da-e324d048ae01,Fraughton,Leslie,3/9/2020,94000,Fraughton; Leslie
79977453-612c-4d09-87a2-d72021c1cd16,Alzate,Alvin,1/30/2020,89000,Alzate; Alvin
db138d6c-0873-4a94-a7e0-0369294a16b3,Vaught,John,2/24/2020,99000,Vaught; John
ec26f590-56d9-4cf7-ad03-0133e5894ef1,Mcdonald,Kimberly,12/6/2019,51000,Mcdonald; Kimberly
c96c420e-8984-4666-aadb-f7a8cee9bf5e,Edwards,Isabel,3/28/2020,85000,Edwards; Isabel
21e3791f-d3cd-4a04-a219-96d21c1e5352,Smith,Ruth,2/16/2020,64000,Smith; Ruth
729aa483-2877-41b3-9ce1-1d50a7ad9b11,Knight,Iva,2/26/2020,70000,Knight; Iva
d7778e3f-832b-4a9d-86f1-85f3479f392f,Richmond,Dale,2/20/2020,76000,Richmond; Dale
b938216f-0eeb-44b1-8f35-0c027ad7f9b6,Hunt,Maureen,2/27/2020,62000,Hunt; Maureen
04484334-df44-4fe8-bb1e-41ef6a12086d,Livley,Lloyd,1/17/2020,62000,Livley; Lloyd
162eca8d-e277-4751-9745-84a4875551c0,Martin,Angelita,3/17/2020,54000,Martin; Angelita
732f4dce-0aed-4fa9-b3c5-c835ac34704d,Toms,Sandra,12/1/2019,54000,Toms; Sandra
5653a255-42e5-41db-b4d7-2d53439ac7e7,Gavia,Cathy,12/24/2019,79000,Gavia; Cathy
aa4b425a-a957-4b7f-a5ba-8d5795887570,Harper,Thomas,12/29/2019,54000,Harper; Thomas
37b941c1-a383-4fe8-a2e0-f48713de3e2a,Yeakley,Earnest,1/15/2020,62000,Yeakley; Earnest
939fca1b-1a98-4300-a44c-41e1268e140d,Stuart,Amanda,12/21/2019,90000,Stuart; Amanda
5ba0f3a3-a2c1-49a1-8b3b-99615d3869a5,Via,Harry,12/12/2019,51000,Via; Harry
b54d1431-fb1a-40d5-86f5-330ae076dee2,Albino,Chad,11/22/2019,68000,Albino; Chad
1cd6d401-4974-4e6e-a4f2-708425552da5,Sirois,James,2/7/2020,89000,Sirois; James
2fe16ba3-e4ae-4860-a18c-07b2fef63067,Diaz,Ronald,4/11/2020,93000,Diaz; Ronald
db0615c8-cc10-4d74-8ebe-478c9e496edb,Hegmann,Lucy,11/18/2019,61000,Hegmann; Lucy
acf6f204-825f-4ede-898c-42660c3d9d71,Rollins,John,4/9/2020,65000,Rollins; John
9f9bb785-727d-4358-b482-3ecbca1a68ba,Hibbard,Johnnie,11/27/2019,60000,Hibbard; Johnnie
4fc0406b-af8b-459c-9304-72e03e2b448c,Graves,Raquel,12/1/2019,91000,Graves; Raquel
9a48b261-4162-4bab-a937-4d1d47950a05,Boone,Albert,3/10/2020,83000,Boone; Albert
8c56f1ec-a066-46e2-be08-7a425b5c675c,Boldt,Sandra,12/5/2019,94000,Boldt; Sandra
2e061bd4-528c-4f08-9076-e9c768d9e185,Teel,Bruce,11/30/2019,82000,Teel; Bruce
3a1b6515-30db-4893-ba15-1e7b93975296,Appell,Angelo,4/12/2020,60000,Appell; Angelo
8ba7c970-4bfe-4b93-a182-24449a2dc10f,Young,Joseph,1/3/2020,90000,Young; Joseph
0c59f16f-0f8b-4ac1-b2c0-c9ef48b1886e,Bravo,Jeffrey,2/11/2020,88000,Bravo; Jeffrey
5c66ad4f-41e4-452d-9e3b-c31d009cea7a,Chase,Debra,2/19/2020,50000,Chase; Debra
80187ba1-27ed-41c7-9484-299390c4e675,Cathey,Brandon,1/19/2020,50000,Cathey; Brandon
e60cbebd-16df-405d-8c4e-ebcaad730515,Kessler,Julius,1/22/2020,78000,Kessler; Julius
8467ed9e-32fe-41c5-a01d-72c35369ca73,Inman,Jacquelyn,1/29/2020,86000,Inman; Jacquelyn
e6816da9-f7f3-4b0f-8feb-0ef1507ac5ea,Smalls,Marion,2/20/2020,55000,Smalls; Marion
084b7be6-4922-4e64-ac50-79408e96c9ff,Vang,Lynn,11/21/2019,50000,Vang; Lynn
766a32fe-dc73-4735-a509-4f319da39edf,Huntington,Frederick,2/29/2020,77000,Huntington; Frederick
93c58448-923e-4672-81b6-4629f8ac793b,Hutchinson,Danny,12/14/2019,80000,Hutchinson; Danny
f5cd9c07-2d5c-4ccb-b640-6ab10819f6e9,Gottfried,Louise,12/9/2019,59000,Gottfried; Louise
859a12d1-c2f3-4c9a-a995-0e48059eebf2,Le,Fredrick,12/1/2019,51000,Le; Fredrick
47d85e0f-7dc9-42d8-843d-ef25b0c8cbad,Routzahn,Teri,12/13/2019,65000,Routzahn; Teri
ae184682-978c-49c8-93a5-1669a24b93e3,Gutierrez,Lynda,2/4/2020,62000,Gutierrez; Lynda
8261b351-eae7-4d26-a807-ab6beff292b6,Barnes,Jeffrey,2/17/2020,77000,Barnes; Jeffrey
f5acdf1c-f805-43f6-a453-66333e7e31b0,Tennill,Kristy,3/4/2020,69000,Tennill; Kristy
60e21bf8-74d8-4136-b30b-e6e6261ff68a,Distefano,Michele,3/28/2020,56000,Distefano; Michele
fb1187cc-a52c-4564-ab51-495b72f7cf4b,Wilson,Walter,2/18/2020,80000,Wilson; Walter
b2dec193-e7e0-4d5b-96fa-4cf79d054df8,Martin,Matthew,1/29/2020,91000,Martin; Matthew
d9570e31-3303-4219-9383-00c30b73d206,Erdmann,Eduardo,1/23/2020,97000,Erdmann; Eduardo
c87bac47-d5b9-4e07-bc66-3e823425d2b0,Ohmen,James,3/27/2020,86000,Ohmen; James
6be719b9-8f34-480f-8b1b-0228e2a4fbac,Dunham,Danny,1/29/2020,82000,Dunham; Danny
58883679-9db4-45c0-be33-6936547ff0d5,Carter,Jennifer,11/17/2019,51000,Carter; Jennifer
91c8a11c-081e-41ec-9166-c534d0ac899f,Vilain,Lyle,4/5/2020,78000,Vilain; Lyle
714cbf30-0766-45bb-8ab8-fc609122e15b,Brevell,Carly,11/21/2019,53000,Brevell; Carly
fb85b7f4-5fd0-4cc2-878e-d733cce7bdd1,Foster,James,11/14/2019,58000,Foster; James
9322abb2-d69a-4d7f-ab6d-bbe6d3434a40,Baade,Mary,2/9/2020,61000,Baade; Mary
11540aad-46e7-4057-9dc7-4502745971cf,Vankeuren,Lucy,12/18/2019,75000,Vankeuren; Lucy
bf15ade4-ef5b-4602-8d77-269035d79f5a,Badanguio,Michael,2/27/2020,74000,Badanguio; Michael
12686837-0443-45ec-97f7-e91b91264a41,Renfro,Roy,12/1/2019,85000,Renfro; Roy
0444e6c7-5172-4e04-a2af-5df75ef9900d,Woods,Guadalupe,12/12/2019,96000,Woods; Guadalupe
d5c837ad-b82b-4088-9ac8-69fc57215829,Galvan,Gustavo,3/1/2020,56000,Galvan; Gustavo
c1d9da3b-d506-4909-81bb-f23b6387c3bd,Bonawitz,Kyle,12/29/2019,89000,Bonawitz; Kyle
bfda5853-5779-4fc8-952f-71c807a024dc,Daley,Tyler,3/6/2020,99000,Daley; Tyler
9b6de391-e0ce-439a-aa58-77f3dd854157,Fontenot,Jerry,11/23/2019,70000,Fontenot; Jerry
f2e2916e-1985-419b-a920-c373a53e7485,Rose,Anna,1/22/2020,74000,Rose; Anna
1c6ebafd-ea7f-498b-ae5c-d4cb8877bd08,Sims,Elizabeth,12/31/2019,65000,Sims; Elizabeth
da12d298-bd51-4936-92e4-00d3e74c843a,Crawford,Ma,1/7/2020,78000,Crawford; Ma
8d37244b-56a3-4c20-bac1-06d627ed9610,Fisher,David,2/15/2020,52000,Fisher; David
4920b53f-da19-4967-9b4d-0394956194f1,Raggio,Debra,3/25/2020,95000,Raggio; Debra
c1881162-44a7-4c29-9d5c-58eb916a913a,Hayes,Ethel,2/29/2020,90000,Hayes; Ethel
